<?xml version="1.0" encoding="UTF-8"?>
<project-private xmlns="http://www.netbeans.org/ns/project-private/1">
    <editor-bookmarks xmlns="http://www.netbeans.org/ns/editor-bookmarks/2" lastBookmarkId="0"/>
    <open-files xmlns="http://www.netbeans.org/ns/projectui-open-files/2">
        <group>
            <file>file:/C:/Users/batista/Documents/NetBeansProjects/firma/src/uml1/Interface/FramePrincipal.java</file>
            <file>file:/C:/Users/batista/Documents/NetBeansProjects/firma/src/uml1/Empresa.java</file>
            <file>file:/C:/Users/batista/Documents/NetBeansProjects/firma/src/uml1/Interface/FrameCad.java</file>
            <file>file:/C:/Users/batista/Documents/NetBeansProjects/firma/src/uml1/Pessoa.java</file>
            <file>file:/C:/Users/batista/Documents/NetBeansProjects/firma/src/uml1/Fornecedor.java</file>
            <file>file:/C:/Users/batista/Documents/NetBeansProjects/firma/src/uml1/Controle/Controle.java</file>
        </group>
    </open-files>
</project-private>
